seq_id,accession,country,year,cluster,PC1,PC2
PD363191.1_China_2000,PD363191.1,China,2000,Cluster 6,0.31993478232709777,0.6597591483720022
MF769811.1_China_2017,MF769811.1,China,2017,Cluster 2,-1.8015660040356567,0.378516043856397
MF769807.1_China_2018,MF769807.1,China,2018,Cluster 6,0.926463730141458,0.2762172874900223
MT582241.1_China_2017,MT582241.1,China,2017,Cluster 6,0.30406790468996253,0.5159740208702427
NC_031753.1_USA_2015,NC_031753.1,USA,2015,Cluster 1,1.4508003661227828,-0.13834313730690262
PP067102.1_China_2023,PP067102.1,China,2023,Cluster 2,-1.8300972389606431,0.3662960386242775
PZ311593.1_SouthKorea_2025,PZ311593.1,South Korea,2025,Cluster 2,-1.9195263839711916,0.26220861260564954
PV764911.1_China_2023,PV764911.1,China,2023,Cluster 2,-1.6848067069555626,0.12381545352366709
OP616730.1_NorthAmerica_2021,OP616730.1,N America,2021,Cluster 2,-1.948407218101944,0.33729962872468777
OM818375.1_Italy_2021,OM818375.1,Italy,2021,Cluster 3,1.5313040999278211,-0.08740097616009614
ON418890.1_Canada_2018,ON418890.1,Canada,2018,Cluster 3,0.8135768855769383,-0.09510497948411681
ON015889.1_Hungary_2021,ON015889.1,Hungary,2021,Cluster 2,-1.7519898100781615,0.25923295838723065
ON015885.1_Hungary_2021,ON015885.1,Hungary,2021,Cluster 3,1.3450105727833197,0.21676162950668765
ON015883.1_Hungary_2021,ON015883.1,Hungary,2021,Cluster 2,-1.8075059427901672,0.4260200034645409
MN848608.1_China_2019,MN848608.1,China,2019,Cluster 6,-0.9392878439663163,0.4074505266967411
MN848602.1_China_2019,MN848602.1,China,2019,Cluster 6,0.9237335709100616,0.05684425593052121
MW453538.1_China_2020,MW453538.1,China,2020,Cluster 3,1.0958041783027612,0.30091581967038
MW032262.1_China_2019,MW032262.1,China,2019,Cluster 6,0.8849708127762292,0.3165548596103335
MW168693.1_SouthKorea_2021,MW168693.1,South Korea,2021,Cluster 3,0.7899979746543941,0.12823238359972097
MG868940.1_China_2017,MG868940.1,China,2017,Cluster 6,1.1503371915433669,0.5120270777935317
MT104510.1_China_2018,MT104510.1,China,2018,Cluster 1,1.7424335864202154,0.16203417489954774
MF805722.1_Italy_2016,MF805722.1,Italy,2016,Cluster 2,-1.8744833423778406,0.4559142970452364
MF805719.1_Italy_2017,MF805719.1,Italy,2017,Cluster 2,-1.873197056129613,0.454393423905638
OM818376.1_Italy_2021,OM818376.1,Italy,2021,Cluster 3,1.4016047814192278,-0.030537752358773363
PQ468882.1_Italy_2023,PQ468882.1,Italy,2023,Cluster 3,1.1276779811783464,0.11185427025010464
MN781192.1_Italy_2019,MN781192.1,Italy,2019,Cluster 3,1.3073965258205293,0.16969054791712052
MH558676.1_Spain_2012,MH558676.1,Spain,2012,Cluster 1,1.5565312480686957,0.08533921828514987
MF805720.1_Spain_2017,MF805720.1,Spain,2017,Cluster 2,-1.950857891150885,0.34788367216618726
MF805723.1_Denmark_2017,MF805723.1,Denmark,2017,Cluster 3,1.3446921527388787,0.20249141620639727
MF805724.1_Denmark_2017,MF805724.1,Denmark,2017,Cluster 3,1.3535588774815908,0.21466743130344498
OQ754381.1_Italy_2021,OQ754381.1,Italy,2021,Cluster 4,-2.5934221323163893,-5.455670115633592
OQ754383.1_Italy_2021,OQ754383.1,Italy,2021,Cluster 4,-2.6347759832453863,-5.174202185668109
MF162299.1_Italy_2017,MF162299.1,Italy,2017,Cluster 2,-1.8211044600451687,0.2541558210535957
PQ468885.1_Italy_2023,PQ468885.1,Italy,2023,Cluster 3,1.2254659629387636,0.05803501943248779
PZ311601.1_SouthKorea_2025,PZ311601.1,South Korea,2025,Cluster 2,-1.9195263839711916,0.26220861260564954
MF063071.1_SouthKorea_2016,MF063071.1,South Korea,2016,Cluster 1,1.6038503545523093,-0.09267849925284154
PP965278.1_SouthKorea_2022,PP965278.1,South Korea,2022,Cluster 3,1.2449326354659354,0.17495417875676927
PP965277.1_SouthKorea_2021,PP965277.1,South Korea,2021,Cluster 1,1.3883154944728964,-0.1464947959527115
MN698824.1_SouthKorea_2019,MN698824.1,South Korea,2019,Cluster 6,1.4204419822019725,0.13638689911488022
MN698820.1_SouthKorea_2018,MN698820.1,South Korea,2018,Cluster 1,1.392110124038226,-0.06509195830802053
MN698816.1_SouthKorea_2017,MN698816.1,South Korea,2017,Cluster 1,1.4112592845022414,-0.1879527593022941
MN698814.1_SouthKorea_2016,MN698814.1,South Korea,2016,Cluster 2,-2.152471865941944,0.28017401703311057
MN698811.1_SouthKorea_2015,MN698811.1,South Korea,2015,Cluster 6,0.16050880320676603,0.35325351672386623
MN698792.1_SouthKorea_2009,MN698792.1,South Korea,2009,Cluster 1,1.3982221218193074,-0.06751947142122966
MN698795.1_SouthKorea_2010,MN698795.1,South Korea,2010,Cluster 6,0.07867354363382596,0.3487925592613116
MN698798.1_SouthKorea_2011,MN698798.1,South Korea,2011,Cluster 6,0.1839367673057913,0.4259775894360899
MN698801.1_SouthKorea_2012,MN698801.1,South Korea,2012,Cluster 6,1.1273487809253855,0.0030775364693904437
MN698804.1_SouthKorea_2013,MN698804.1,South Korea,2013,Cluster 6,1.121559366083796,0.21619834132301105
MN698808.1_SouthKorea_2014,MN698808.1,South Korea,2014,Cluster 1,0.9128033982146674,-0.25038210397968275
LC383841.1_Japan_2016,LC383841.1,Japan,2016,Cluster 2,-1.775875309044344,0.38058366386324904
LC383840.1_Japan_2016,LC383840.1,Japan,2016,Cluster 2,-0.7080642936296624,0.44339049345060827
LC269727.1_Japan_2016,LC269727.1,Japan,2016,Cluster 2,-1.3221112723799686,0.27012485203073505
MG595741.1_Hungary_2017,MG595741.1,Hungary,2017,Cluster 6,-0.17977830479905274,0.20120661617682656
ON015882.1_Hungary_2021,ON015882.1,Hungary,2021,Cluster 2,-1.8587770989073402,0.40362586147072876
ON015884.1_Hungary_2021,ON015884.1,Hungary,2021,Cluster 2,-1.824269289931973,-0.017169386187718516
ON015886.1_Hungary_2021,ON015886.1,Hungary,2021,Cluster 3,1.4254632051233511,0.22864926571801403
ON015887.1_Hungary_2021,ON015887.1,Hungary,2021,Cluster 3,1.356233491618141,0.19609775068176757
ON015888.1_Hungary_2021,ON015888.1,Hungary,2021,Cluster 3,0.7754268549430511,0.22775513180582518
ON015890.1_Hungary_2021,ON015890.1,Hungary,2021,Cluster 6,1.6280789092907895,0.5006002800342835
MH823219.1_NorthAmerica_2018,MH823219.1,N America,2018,Cluster 6,1.5305402393167686,0.2809738021496462
MT183690.1_China_2019,MT183690.1,China,2019,Cluster 6,0.9522613950595632,0.10882292558743478
MN725086.1_Malaysia_2019,MN725086.1,Malaysia,2019,Cluster 6,0.4603987362114203,-0.18426091717715795
MN725085.1_Malaysia_2019,MN725085.1,Malaysia,2019,Cluster 6,0.22343889343615517,0.3351867950143878
MN725084.1_Malaysia_2019,MN725084.1,Malaysia,2019,Cluster 6,0.3006655250084057,0.15512713682398657
MN725083.1_Malaysia_2019,MN725083.1,Malaysia,2019,Cluster 6,0.024131057036373922,0.33931712422753224
MN725082.1_Malaysia_2019,MN725082.1,Malaysia,2019,Cluster 2,-1.8787399163517107,0.24990153084970174
MN725080.1_Malaysia_2018,MN725080.1,Malaysia,2018,Cluster 2,-1.9713754799131809,0.3549525582187154
KX458235.1_USA_2015,KX458235.1,USA,2015,Cluster 6,0.14158727953145914,0.2355943917607131
KT869077.1_USA_2015,KT869077.1,USA,2015,Cluster 1,1.4508003661227828,-0.13834313730690262
PZ311596.1_SouthKorea_2025,PZ311596.1,South Korea,2025,Cluster 2,-1.9195263839711916,0.26220861260564954
PZ311594.1_SouthKorea_2025,PZ311594.1,South Korea,2025,Cluster 6,-0.07105675885468066,0.17717768306103182
OQ754397.1_Italy_2022,OQ754397.1,Italy,2022,Cluster 4,-1.3165829985666349,-6.040781370621423
OQ754396.1_Italy_2021,OQ754396.1,Italy,2021,Cluster 7,0.8097613143969484,-9.928723537067995
OQ754395.1_Italy_2021,OQ754395.1,Italy,2021,Cluster 7,0.8112257739667146,-9.689648852784915
OQ754394.1_Italy_2021,OQ754394.1,Italy,2021,Cluster 7,0.803040348538503,-9.665120841094675
OQ754393.1_Italy_2021,OQ754393.1,Italy,2021,Cluster 4,-2.319099960342173,-5.4520366530734155
OQ754392.1_Italy_2022,OQ754392.1,Italy,2022,Cluster 4,0.698934178945874,-5.483083775015858
OQ754383.1_Italy_2022,OQ754383.1,Italy,2022,Cluster 4,-2.6347759832453863,-5.174202185668109
OQ754382.1_Italy_2021,OQ754382.1,Italy,2021,Cluster 4,-2.603619551215124,-5.470772553750561
OQ754380.1_Italy_2021,OQ754380.1,Italy,2021,Cluster 4,-2.5408979076953435,-5.374374076651934
OQ754379.1_Italy_2021,OQ754379.1,Italy,2021,Cluster 4,-2.3513866301686255,-5.249305469850091
OP616729.1_NorthAmerica_2021,OP616729.1,N America,2021,Cluster 2,-1.9239488884024867,0.34167103864403126
OM818374.1_Italy_2021,OM818374.1,Italy,2021,Cluster 3,1.1608130001623505,0.06082168957258264
OP616728.1_NorthAmerica_2021,OP616728.1,N America,2021,Cluster 2,-1.961084154343221,0.3422913095190658
OP616727.1_NorthAmerica_2020,OP616727.1,N America,2020,Cluster 2,-1.9386527281623054,0.3341630324475616
OP616726.1_NorthAmerica_2020,OP616726.1,N America,2020,Cluster 2,-1.961084154343221,0.3422913095190658
OP616725.1_NorthAmerica_2020,OP616725.1,N America,2020,Cluster 2,-1.9544218718573019,0.3484642086486377
OP616724.1_NorthAmerica_2020,OP616724.1,N America,2020,Cluster 2,-1.9398230037894733,0.32688091115127443
OP616723.1_NorthAmerica_2020,OP616723.1,N America,2020,Cluster 2,-1.9839629807330021,0.22944572952792974
OP616722.1_NorthAmerica_2021,OP616722.1,N America,2021,Cluster 2,-1.9588672182542493,0.22087625592233084
OP616721.1_NorthAmerica_2021,OP616721.1,N America,2021,Cluster 2,-1.9659474506047812,0.22422662012119937
OP616720.1_NorthAmerica_2021,OP616720.1,N America,2021,Cluster 2,-1.9374681908220048,0.32563653664787495
OM818373.1_Italy_2021,OM818373.1,Italy,2021,Cluster 3,1.3713379708942088,-0.03888277041555443
OM818372.1_Italy_2021,OM818372.1,Italy,2021,Cluster 3,1.3850594354057202,0.06519192109314154
OM818371.1_Italy_2021,OM818371.1,Italy,2021,Cluster 3,1.4249131999520468,0.3513134488172164
ON418889.1_Canada_2018,ON418889.1,Canada,2018,Cluster 6,0.8207920078742771,0.32208189802461196
ON418888.1_Canada_2018,ON418888.1,Canada,2018,Cluster 6,0.8207920078742771,0.32208189802461196
MT847026.1_Vietnam_2018,MT847026.1,Vietnam,2018,Cluster 2,-1.7390702801192819,-0.032322526443902766
MT407372.1_Colombia_2018,MT407372.1,Colombia,2018,Cluster 3,0.470739859161585,0.20154743015495227
MT075519.1_Brazil_2018,MT075519.1,Brazil,2018,Cluster 2,-1.8854844312709644,0.4251238249898034
MT075518.1_Brazil_2017,MT075518.1,Brazil,2017,Cluster 2,-1.8854844312709644,0.4251238249898034
MT075517.1_Brazil_2017,MT075517.1,Brazil,2017,Cluster 2,-1.8854844312709644,0.4251238249898034
MT461294.1_Colombia_2018,MT461294.1,Colombia,2018,Cluster 6,0.44602551583344835,0.37745165344414666
MT461293.1_Colombia_2015,MT461293.1,Colombia,2015,Cluster 3,0.5484196798201563,0.2854641699319087
MT461292.1_Colombia_2018,MT461292.1,Colombia,2018,Cluster 6,0.8796144671969346,0.4703766972337578
MT375541.1_Colombia_2015,MT375541.1,Colombia,2015,Cluster 3,0.5499425517670852,0.26716960750424334
MT375540.1_Colombia_2018,MT375540.1,Colombia,2018,Cluster 2,-1.9557328707206683,0.28970871253604136
MT347692.1_Colombia_2019,MT347692.1,Colombia,2019,Cluster 2,-1.8400330157470857,0.4292784729724311
MN698823.1_SouthKorea_2019,MN698823.1,South Korea,2019,Cluster 6,1.4204419822019725,0.13638689911488022
MN698822.1_SouthKorea_2019,MN698822.1,South Korea,2019,Cluster 6,1.410601951985238,0.14951432838415735
MN698821.1_SouthKorea_2018,MN698821.1,South Korea,2018,Cluster 1,1.4078058133045803,-0.24260316235184268
MN698819.1_SouthKorea_2018,MN698819.1,South Korea,2018,Cluster 1,1.40339689443938,-0.08642592484880816
MN698818.1_SouthKorea_2017,MN698818.1,South Korea,2017,Cluster 1,1.4081502124717553,-0.06130485885765899
MN698817.1_SouthKorea_2017,MN698817.1,South Korea,2017,Cluster 1,1.4919079308905072,-0.049660641498552247
MN698815.1_SouthKorea_2016,MN698815.1,South Korea,2016,Cluster 6,1.1075885140423174,0.2191199038096004
MN698813.1_SouthKorea_2016,MN698813.1,South Korea,2016,Cluster 1,1.4406988739830457,-0.2559593404350838
MN698812.1_SouthKorea_2015,MN698812.1,South Korea,2015,Cluster 6,0.08256666761383123,0.35283242886707944
MN698810.1_SouthKorea_2015,MN698810.1,South Korea,2015,Cluster 6,0.2587421550179886,0.34673602072328297
MN698809.1_SouthKorea_2014,MN698809.1,South Korea,2014,Cluster 2,-2.0599386731018234,0.23560906059233147
MN698807.1_SouthKorea_2014,MN698807.1,South Korea,2014,Cluster 1,0.9170333967177458,-0.11842022057665992
MN698806.1_SouthKorea_2013,MN698806.1,South Korea,2013,Cluster 1,0.8880488774041595,-0.1309723637835572
MN698805.1_SouthKorea_2013,MN698805.1,South Korea,2013,Cluster 1,0.9170333967177458,-0.11842022057665992
MN698803.1_SouthKorea_2012,MN698803.1,South Korea,2012,Cluster 6,1.1486581961928124,0.006619464504922315
MN698802.1_SouthKorea_2012,MN698802.1,South Korea,2012,Cluster 6,1.154049026514284,0.007797996749499965
MN698800.1_SouthKorea_2011,MN698800.1,South Korea,2011,Cluster 1,1.4571760914809628,-0.2930310662747831
MN698801.1_SouthKorea_2012,MN698801.1,South Korea,2012,Cluster 6,1.1273487809253855,0.0030775364693904437
MN698799.1_SouthKorea_2011,MN698799.1,South Korea,2011,Cluster 6,-0.26504971952138634,0.2650711857274789
MN698797.1_SouthKorea_2010,MN698797.1,South Korea,2010,Cluster 1,1.5232748770327056,-0.3224670929966399
MN698796.1_SouthKorea_2010,MN698796.1,South Korea,2010,Cluster 1,1.3996572642136258,-0.06590126439720138
MN698794.1_SouthKorea_2009,MN698794.1,South Korea,2009,Cluster 1,0.9230558160626007,-0.11065280568003293
MN698793.1_SouthKorea_2009,MN698793.1,South Korea,2009,Cluster 1,1.4249223674082054,-0.06279901114112015
MT350555.1_Spain_2017,MT350555.1,Spain,2017,Cluster 2,-2.5152994327318274,0.24687905132591664
MT350553.1_Spain_2017,MT350553.1,Spain,2017,Cluster 2,-2.6032639838115474,0.09065468590567544
MT350552.1_Spain_2017,MT350552.1,Spain,2017,Cluster 2,-2.5707638060649525,0.08755671014387811
MT350551.1_Spain_2017,MT350551.1,Spain,2017,Cluster 2,-2.607223964706512,0.248174538666658
MT350550.1_Spain_2017,MT350550.1,Spain,2017,Cluster 2,-2.560648455494369,0.24115592662109833
MT350549.1_Spain_2017,MT350549.1,Spain,2017,Cluster 2,-2.3770462091585176,0.22454716515701484
MT350548.1_Spain_2017,MT350548.1,Spain,2017,Cluster 2,-2.496577823058169,0.36314018137538656
MT350547.1_Spain_2017,MT350547.1,Spain,2017,Cluster 2,-2.571051426228488,0.2612879018883523
MT350546.1_Spain_2017,MT350546.1,Spain,2017,Cluster 2,-2.5209126980703536,0.3793856830265631
MT350545.1_Spain_2017,MT350545.1,Spain,2017,Cluster 2,-2.560648455494369,0.24115592662109833
MT350544.1_Spain_2017,MT350544.1,Spain,2017,Cluster 2,-2.4941324544337067,0.36284965752756104
MT350543.1_Spain_2017,MT350543.1,Spain,2017,Cluster 2,-2.5627533641236893,0.24297647820026452
MT350542.1_Spain_2017,MT350542.1,Spain,2017,Cluster 2,-2.4919077359289523,0.360428029526024
MT350541.1_Spain_2017,MT350541.1,Spain,2017,Cluster 2,-2.4919077359289523,0.360428029526024
MT350540.1_Spain_2017,MT350540.1,Spain,2017,Cluster 2,-2.4919077359289523,0.360428029526024
MT350539.1_Spain_2017,MT350539.1,Spain,2017,Cluster 2,-2.4615649973122284,0.3996946285539098
MT350538.1_Spain_2017,MT350538.1,Spain,2017,Cluster 2,-2.527318471330536,0.25237532903507043
MT350537.1_Spain_2017,MT350537.1,Spain,2017,Cluster 2,-2.5039267745276614,0.36592430723517827
MT350536.1_Spain_2017,MT350536.1,Spain,2017,Cluster 2,-2.5411505890454515,0.3051371352912397
MT350535.1_Spain_2017,MT350535.1,Spain,2017,Cluster 2,-2.533125715632908,0.3028974978227546
MT350534.1_Spain_2017,MT350534.1,Spain,2017,Cluster 2,-2.5978187203701806,0.2469660542322584
MT350533.1_Spain_2017,MT350533.1,Spain,2017,Cluster 2,-2.4963977981339065,0.38265516313912235
MT350532.1_Spain_2017,MT350532.1,Spain,2017,Cluster 2,-2.6227824628868497,0.24941103141120813
MT350531.1_Spain_2017,MT350531.1,Spain,2017,Cluster 2,-2.5028639489264632,0.3638698744656923
MT350530.1_Spain_2017,MT350530.1,Spain,2017,Cluster 2,-2.560648455494369,0.24115592662109833
MT350529.1_Spain_2017,MT350529.1,Spain,2017,Cluster 2,-2.5950293469149397,0.20642093040512452
MT350528.1_Spain_2017,MT350528.1,Spain,2017,Cluster 2,-2.4919077359289523,0.360428029526024
MT350527.1_Spain_2017,MT350527.1,Spain,2017,Cluster 2,-2.4919077359289523,0.360428029526024
MT350526.1_Spain_2017,MT350526.1,Spain,2017,Cluster 2,-2.560648455494369,0.24115592662109833
MT350525.1_Spain_2017,MT350525.1,Spain,2017,Cluster 2,-2.611088768390165,0.1624233511711312
MT350524.1_Spain_2017,MT350524.1,Spain,2017,Cluster 2,-2.5978187203701806,0.2469660542322584
MT350523.1_Spain_2017,MT350523.1,Spain,2017,Cluster 2,-2.597814711552377,0.2475442610192054
MT350522.1_Spain_2017,MT350522.1,Spain,2017,Cluster 2,-2.5011428607859805,0.3622282250457055
MT350521.1_Spain_2017,MT350521.1,Spain,2017,Cluster 2,-2.4910959342148646,0.21843750208421783
MT350520.1_Spain_2017,MT350520.1,Spain,2017,Cluster 2,-2.2044407706877336,0.31025907919994417
MT350519.1_Spain_2017,MT350519.1,Spain,2017,Cluster 2,-2.432646589211893,0.2027956649621542
MT350518.1_Spain_2017,MT350518.1,Spain,2017,Cluster 2,-2.350951128790826,0.1792519576182221
MT350517.1_Spain_2017,MT350517.1,Spain,2017,Cluster 2,-2.489183281379679,0.3683675736673426
MN507536.1_Taiwan_2018,MN507536.1,Taiwan,2018,Cluster 6,0.3806236767686185,0.3574829306004569
MN510467.1_Taiwan_2016,MN510467.1,Taiwan,2016,Cluster 6,0.08389183815339496,0.5080865647507463
MN510466.1_Taiwan_2016,MN510466.1,Taiwan,2016,Cluster 6,0.33605756883475113,0.4663749492954689
MK934768.1_India_2018,MK934768.1,India,2018,Cluster 3,0.8304331185787436,-0.11787986971278129
MK934767.1_India_2017,MK934767.1,India,2017,Cluster 3,0.7833960030088618,-0.11209481444900053
MK934766.1_India_2017,MK934766.1,India,2017,Cluster 3,0.8450604010898648,0.033774062581837086
MK934765.1_India_2017,MK934765.1,India,2017,Cluster 6,0.9470916688471746,0.21672692578724984
MK585353.1_Malaysia_2018,MK585353.1,Malaysia,2018,Cluster 6,0.12833764591136101,0.40635171244987894
MK585352.1_Malaysia_2017,MK585352.1,Malaysia,2017,Cluster 6,-0.3522538184133904,0.11447415647896765
MK585351.1_Malaysia_2017,MK585351.1,Malaysia,2017,Cluster 6,0.10458320954248042,0.4967577487052257
MK585350.1_Malaysia_2017,MK585350.1,Malaysia,2017,Cluster 2,-1.9651702617543343,0.3539517828353947
MK585349.1_Malaysia_2017,MK585349.1,Malaysia,2017,Cluster 2,-1.9668816575847465,0.354177415185135
MK585347.1_Malaysia_2017,MK585347.1,Malaysia,2017,Cluster 6,0.09403778602112442,0.47320486996763195
MH603565.1_USA_2017,MH603565.1,USA,2017,Cluster 6,0.16555119211738334,0.50903945661345
MH603564.1_USA_2017,MH603564.1,USA,2017,Cluster 6,0.3061738379948211,0.5148033561690114
MH603563.1_USA_2017,MH603563.1,USA,2017,Cluster 6,0.307539502565303,0.5317936743454568
MH603562.1_USA_2017,MH603562.1,USA,2017,Cluster 6,1.1742769179498993,0.5251822192894356
MH603561.1_USA_2017,MH603561.1,USA,2017,Cluster 5,0.48953608411195526,0.007354538850029701
MH603560.1_USA_2017,MH603560.1,USA,2017,Cluster 6,1.5419437586712044,0.5279129633764629
MH603559.1_USA_2017,MH603559.1,USA,2017,Cluster 6,0.426311732952143,0.4862829394688216
MH603558.1_USA_2017,MH603558.1,USA,2017,Cluster 5,0.5664208248917719,-0.10738749183434143
MH603557.1_USA_2017,MH603557.1,USA,2017,Cluster 1,1.6112467809411097,0.05086849199120919
MH603556.1_USA_2017,MH603556.1,USA,2017,Cluster 5,1.1878790432869988,-0.25775223009981046
MH603555.1_USA_2017,MH603555.1,USA,2017,Cluster 6,1.8805346133114818,0.46314292812753566
MH603554.1_USA_2017,MH603554.1,USA,2017,Cluster 2,-1.1200821926746163,0.48062167208560574
MH603553.1_USA_2017,MH603553.1,USA,2017,Cluster 2,-1.68104738154878,0.40280481234479565
MH603552.1_USA_2017,MH603552.1,USA,2017,Cluster 6,1.1811617407882624,0.5289160903393969
MH603551.1_USA_2017,MH603551.1,USA,2017,Cluster 5,0.5549478383665076,-0.02069050520400942
MH603550.1_USA_2017,MH603550.1,USA,2017,Cluster 6,1.0000511295092087,0.3116219572123513
MH603549.1_USA_2017,MH603549.1,USA,2017,Cluster 6,1.7138814881174993,0.2808035666787057
MH603548.1_USA_2017,MH603548.1,USA,2017,Cluster 6,1.8811194551473607,0.5930039965036493
MH603547.1_USA_2017,MH603547.1,USA,2017,Cluster 6,0.428473494615515,0.41447909935213495
MH603546.1_USA_2017,MH603546.1,USA,2017,Cluster 6,0.9579139354097048,0.43174604563748453
MH603545.1_USA_2017,MH603545.1,USA,2017,Cluster 6,1.870609016733871,0.35157526744912004
MH603544.1_USA_2021,MH603544.1,USA,2021,Cluster 5,0.5327202449947549,-0.03888098963043802
MH603543.1_USA_2017,MH603543.1,USA,2017,Cluster 6,1.1810290811733986,0.5300304311038186
MH603542.1_USA_2017,MH603542.1,USA,2017,Cluster 1,1.5351715966842052,-0.06678717155950183
MH603541.1_USA_2017,MH603541.1,USA,2017,Cluster 6,0.2435864874042229,0.43956411384915417
MH603539.1_USA_2017,MH603539.1,USA,2017,Cluster 6,1.8846820747562785,0.44434238782193
MH603540.1_USA_2017,MH603540.1,USA,2017,Cluster 6,0.27432305442403715,0.4260873806928459
MH603538.1_USA_2017,MH603538.1,USA,2017,Cluster 5,0.5364648949186003,-0.01331695346427237
MH603537.1_USA_2017,MH603537.1,USA,2017,Cluster 2,-1.8781734832864563,0.38074783720568767
MH603536.1_USA_2017,MH603536.1,USA,2017,Cluster 6,1.8338857189363844,0.5371053009381619
MH603535.1_USA_2017,MH603535.1,USA,2017,Cluster 6,1.1351417274388191,0.39347562460307395
MH603534.1_USA_2017,MH603534.1,USA,2017,Cluster 6,0.31315034855593143,0.5324551950519953
MH603533.1_USA_2017,MH603533.1,USA,2017,Cluster 5,0.688146635272354,-0.023171929866834952
MK496297.1_USA_2018,MK496297.1,USA,2018,Cluster 2,-1.8831056154331836,0.37045228928120666
MK496296.1_USA_2018,MK496296.1,USA,2018,Cluster 5,0.5376534614801779,-0.013130485815162313
MK496295.1_USA_2018,MK496295.1,USA,2018,Cluster 5,0.5201765324842023,-0.09919171154221443
MK496294.1_USA_2018,MK496294.1,USA,2018,Cluster 6,1.9063059722329987,0.580468450367775
MK496293.1_USA_2018,MK496293.1,USA,2018,Cluster 6,0.6738964607004818,0.27443862659063506
MK496292.1_USA_2018,MK496292.1,USA,2018,Cluster 2,-1.8810087359427208,0.3930074721548976
MK496291.1_USA_2018,MK496291.1,USA,2018,Cluster 2,-1.3499401775238276,0.40813246579566337
MK496290.1_USA_2018,MK496290.1,USA,2018,Cluster 6,0.33862910246560995,0.5193707448469622
MK496289.1_USA_2018,MK496289.1,USA,2018,Cluster 6,1.379709693990294,0.6860869944276012
MK496288.1_USA_2018,MK496288.1,USA,2018,Cluster 6,1.8777140053632388,0.5791167718912357
MK496287.1_USA_2018,MK496287.1,USA,2018,Cluster 1,1.5612594674459896,-0.06714515033321324
MK496286.1_USA_2018,MK496286.1,USA,2018,Cluster 2,-1.8824697759791613,0.38437146755543444
MK496285.1_USA_2018,MK496285.1,USA,2018,Cluster 6,1.1844786619996854,0.5284051089241405
MK496284.1_USA_2018,MK496284.1,USA,2018,Cluster 6,1.877896374114067,0.5725997331749642
MK496283.1_USA_2018,MK496283.1,USA,2018,Cluster 5,0.5580292960783317,-0.009974771352258074
MK496282.1_USA_2018,MK496282.1,USA,2018,Cluster 5,0.5236465159357435,-0.09957466246169826
MK496281.1_USA_2018,MK496281.1,USA,2018,Cluster 6,1.1297289100120316,0.6218669950845864
MK496280.1_USA_2018,MK496280.1,USA,2018,Cluster 6,1.0025698561861769,0.5539917947412049
MK496279.1_USA_2018,MK496279.1,USA,2018,Cluster 6,1.0755688906117742,0.4721255532155147
MK496278.1_USA_2018,MK496278.1,USA,2018,Cluster 6,0.6716411175113822,0.27621321173247854
MK496277.1_USA_2018,MK496277.1,USA,2018,Cluster 2,-0.4452553894915957,0.4036713709360692
MK496276.1_USA_2018,MK496276.1,USA,2018,Cluster 2,-1.8763438439164473,0.39812637086362757
MK496275.1_USA_2018,MK496275.1,USA,2018,Cluster 5,0.4677241753531839,-0.1325890563691981
MK496274.1_USA_2018,MK496274.1,USA,2018,Cluster 2,-1.8784570671837169,0.39121867877031397
MK496273.1_USA_2018,MK496273.1,USA,2018,Cluster 6,0.33115964446129775,0.5824634313244536
MK496272.1_USA_2018,MK496272.1,USA,2018,Cluster 6,1.235069842930488,0.33476312888206833
MK496271.1_USA_2018,MK496271.1,USA,2018,Cluster 1,1.6627896754507756,-0.19890986311026143
MK496270.1_USA_2018,MK496270.1,USA,2018,Cluster 6,0.3366712630518902,0.4130316295343853
MK496269.1_USA_2018,MK496269.1,USA,2018,Cluster 1,1.7011776808987153,-0.08930997260670966
MK568470.1_USA_2018,MK568470.1,USA,2018,Cluster 2,-1.9028090872584311,0.4537969375389602
MK820624.1_Germany_2018,MK820624.1,Germany,2018,Cluster 6,1.5493503959999977,0.39734607594241667
MK568469.1_USA_2018,MK568469.1,USA,2018,Cluster 1,1.6953121932841237,-0.24925117938620045
MK058529.1_USA_2018,MK058529.1,USA,2018,Cluster 6,1.8768846889703172,0.5886938535242988
MK058528.1_USA_2018,MK058528.1,USA,2018,Cluster 6,1.8768846889703172,0.5886938535242988
MH699985.1_Brazil_2019,MH699985.1,Brazil,2019,Cluster 3,1.150715690282656,0.0636942525445892
MH327785.1_Colombia_2018,MH327785.1,Colombia,2018,Cluster 2,-1.893995893057976,0.2520871996800985
MH229786.1_Thailand_2017,MH229786.1,Thailand,2017,Cluster 2,-1.7931978170494887,-0.08135357517724812
MH327784.1_Colombia_2018,MH327784.1,Colombia,2018,Cluster 3,0.43658310116663634,0.20780458340167685
MH192341.1_Mexico_2017,MH192341.1,Mexico,2017,Cluster 6,0.1404357276347325,0.14767638235914837
MH579747.1_Spain_2018,MH579747.1,Spain,2018,Cluster 3,1.1706565581857138,0.23761295893534498
MH579746.1_Spain_2017,MH579746.1,Spain,2017,Cluster 6,1.049124872666821,0.5071754409454969
MH579745.1_Spain_2016,MH579745.1,Spain,2016,Cluster 3,1.3130536817744678,0.23742302802998366
MH579744.1_Spain_2015,MH579744.1,Spain,2015,Cluster 3,1.3812986595729715,-1.100972797890868
MH579743.1_Spain_2014,MH579743.1,Spain,2014,Cluster 3,1.1662626470096034,0.1243404470456488
MH579742.1_Spain_2013,MH579742.1,Spain,2013,Cluster 3,0.10217862807868859,0.3418474073380245
MH579741.1_Spain_2012,MH579741.1,Spain,2012,Cluster 3,1.4349167704639862,0.2460703024132641
MH579740.1_Spain_2011,MH579740.1,Spain,2011,Cluster 3,1.37873760408477,0.30746745626185257
MH579739.1_Spain_2010,MH579739.1,Spain,2010,Cluster 3,1.4491753941686496,0.09222424747265202
MH579738.1_Spain_2007,MH579738.1,Spain,2007,Cluster 3,1.2972674403192788,0.3275706974408902
MH579737.1_Spain_2006,MH579737.1,Spain,2006,Cluster 3,1.480582554555438,-0.014943520286078728
MH579736.1_Spain_2005,MH579736.1,Spain,2005,Cluster 3,1.2833872048065171,0.2611374725876932
MF079254.1_Brazil_2016,MF079254.1,Brazil,2016,Cluster 2,-2.013149019310017,0.2769904546910571
MF079253.1_Brazil_2016,MF079253.1,Brazil,2016,Cluster 1,1.3896552902569697,-0.3104215472935482
MG679917.1_Russia_2017,MG679917.1,Russia,2017,Cluster 6,1.382598016097373,0.1622019776156572
MG679916.1_Russia_2017,MG679916.1,Russia,2017,Cluster 6,1.391424217149156,0.3719050840216955
MF448446.1_SouthKorea_2017,MF448446.1,South Korea,2017,Cluster 2,-1.4291833135168783,0.060266966718283625
MF448445.1_SouthKorea_2017,MF448445.1,South Korea,2017,Cluster 3,1.3615803373123592,0.09909995149583033
MF063070.1_SouthKorea_2017,MF063070.1,South Korea,2017,Cluster 6,1.4436674204552535,0.2994817884798587
MF611878.1_SouthKorea_2017,MF611878.1,South Korea,2017,Cluster 6,1.262842542898021,0.15375250057492248
MG765473.1_Sweden_2004,MG765473.1,Sweden,2004,Cluster 6,1.248161619094204,0.19577679094942177
MF805724.1_Denmark_2017,MF805724.1,Denmark,2017,Cluster 3,1.3535588774815908,0.21466743130344498
MF805721.1_Italy_2016,MF805721.1,Italy,2016,Cluster 2,-1.8685346065719102,0.45153516610183136
MG310152.1_Thailand_2017,MG310152.1,Thailand,2017,Cluster 1,1.4445678625826237,-0.11252170845925244
MG014376.1_Germany_2015,MG014376.1,Germany,2015,Cluster 3,0.8629634168850597,0.06960288348517918
MG014375.1_Germany_2015,MG014375.1,Germany,2015,Cluster 2,-1.9538098060052156,0.27735402575083695
MG014374.1_Germany_2015,MG014374.1,Germany,2015,Cluster 3,1.2314512140029383,0.0971678329470931
MG014373.1_Germany_2015,MG014373.1,Germany,2015,Cluster 6,1.0933671052253846,0.04849572511634179
MG014372.1_Germany_2015,MG014372.1,Germany,2015,Cluster 6,1.178287199355815,-0.2863439275407731
MG014371.1_Germany_2015,MG014371.1,Germany,2015,Cluster 3,1.1506231922859187,0.17570415173159773
MG014370.1_Germany_2015,MG014370.1,Germany,2015,Cluster 1,1.5524798200259744,0.08214262940584405
MG014369.1_Germany_2015,MG014369.1,Germany,2015,Cluster 6,0.7350063256446805,0.15358608434562415
MG014368.1_Germany_2015,MG014368.1,Germany,2015,Cluster 5,1.540248447562067,-3.3796933290172713
MG014367.1_Germany_2015,MG014367.1,Germany,2015,Cluster 3,0.8847891423834273,-0.45107996116955995
MG014366.1_Germany_2015,MG014366.1,Germany,2015,Cluster 3,0.9716477096270173,0.11869020435011476
MG014365.1_Germany_2015,MG014365.1,Germany,2015,Cluster 2,-1.977041559517635,0.1652649474159313
MG014364.1_Germany_2015,MG014364.1,Germany,2015,Cluster 2,-1.5001395580778838,0.07222555239763807
MG014363.1_Germany_2015,MG014363.1,Germany,2015,Cluster 3,1.2205932686146386,0.09198903417396408
MG014362.1_Germany_2015,MG014362.1,Germany,2015,Cluster 6,0.9892938821876008,0.04404310837174231
MF162298.1_Italy_2017,MF162298.1,Italy,2017,Cluster 2,-1.8038980512603056,0.40774429741216117
MF611877.1_SouthKorea_2016,MF611877.1,South Korea,2016,Cluster 1,1.375630956498882,-0.258314040421703
MF611876.1_SouthKorea_2016,MF611876.1,South Korea,2016,Cluster 1,1.2590435746587079,-0.1847395253900195
KY996345.1_SouthKorea_2016,KY996345.1,South Korea,2016,Cluster 6,0.2050295593268151,0.41783095530806696
KY996344.1_SouthKorea_2016,KY996344.1,South Korea,2016,Cluster 6,0.8656520654609715,0.2280095345833257
KY996343.1_SouthKorea_2016,KY996343.1,South Korea,2016,Cluster 2,-2.055825346105736,0.23427114793165524
KY996342.1_SouthKorea_2016,KY996342.1,South Korea,2016,Cluster 2,-2.040240484375152,0.29451606326934693
KY996341.1_SouthKorea_2016,KY996341.1,South Korea,2016,Cluster 2,-2.0571687214736802,0.2523970829586916
KY996340.1_SouthKorea_2016,KY996340.1,South Korea,2016,Cluster 1,1.3800175012534635,-0.08957571258006942
KY996339.1_SouthKorea_2016,KY996339.1,South Korea,2016,Cluster 2,-2.0553425846768665,0.07421947106774726
KY996338.1_SouthKorea_2016,KY996338.1,South Korea,2016,Cluster 1,1.370838472219526,-0.06497747032807229
KY996337.1_SouthKorea_2016,KY996337.1,South Korea,2016,Cluster 6,0.12847431270700993,0.16268499579331908
PX874131.1_Russia_2025,PX874131.1,Russia,2025,Cluster 3,1.1481893480676875,0.1069942737207151
PX874130.1_Russia_2025,PX874130.1,Russia,2025,Cluster 3,1.1674796610542513,0.12261363193968804
PX874129.1_Russia_2025,PX874129.1,Russia,2025,Cluster 3,1.059502277365708,-0.12824894790886626
PX874128.1_Russia_2025,PX874128.1,Russia,2025,Cluster 3,1.1632922890682769,0.03762589655681905
PX874127.1_Russia_2025,PX874127.1,Russia,2025,Cluster 3,1.1831463078114781,0.183876491235585
PX874126.1_Russia_2025,PX874126.1,Russia,2025,Cluster 6,1.1429942586253696,0.3041107801359679
PX874125.1_Russia_2025,PX874125.1,Russia,2025,Cluster 3,1.176514030276267,0.1831857091761536
PX874124.1_Russia_2025,PX874124.1,Russia,2025,Cluster 3,1.210216473490497,0.1347076419850193
PX874123.1_Russia_2025,PX874123.1,Russia,2025,Cluster 6,1.1699057961579769,0.03621331452171643
PX874121.1_Russia_2024,PX874121.1,Russia,2024,Cluster 6,1.4392650394669735,0.29314629358965105
PX874122.1_Russia_2024,PX874122.1,Russia,2024,Cluster 3,0.91353987386348,0.1362978410810707
PX874120.1_Russia_2024,PX874120.1,Russia,2024,Cluster 3,1.3886104282502594,0.3270521700531713
PX874119.1_Russia_2023,PX874119.1,Russia,2023,Cluster 6,1.5095690371681934,0.12905630050761127
PX874118.1_Russia_2023,PX874118.1,Russia,2023,Cluster 3,1.1490817706708139,-0.04663239598447888
PX874117.1_Russia_2023,PX874117.1,Russia,2023,Cluster 3,1.1655563575687846,-0.056320078908231215
PX874116.1_Russia_2023,PX874116.1,Russia,2023,Cluster 3,0.9268862872778335,0.07344503492811287
PX874115.1_Russia_2023,PX874115.1,Russia,2023,Cluster 5,1.7134114622697467,-3.4277484683199377
PX874114.1_Russia_2023,PX874114.1,Russia,2023,Cluster 5,1.845612588810436,-3.38673264167545
PX874113.1_Russia_2023,PX874113.1,Russia,2023,Cluster 3,1.0381870911646542,-0.1589670663538199
PX874112.1_Russia_2023,PX874112.1,Russia,2023,Cluster 3,1.2169468420276888,-0.07537839818215424
PX874111.1_Russia_2023,PX874111.1,Russia,2023,Cluster 3,1.160185387245474,0.17994459460012172
PX874110.1_Russia_2023,PX874110.1,Russia,2023,Cluster 3,0.9660620940841231,-0.27022365231676826
PX874109.1_Russia_2023,PX874109.1,Russia,2023,Cluster 3,0.9976279873746384,0.1558196651014808
PX874108.1_Russia_2023,PX874108.1,Russia,2023,Cluster 3,0.9931204521923901,-0.017954190789627567
PX874107.1_Russia_2023,PX874107.1,Russia,2023,Cluster 3,0.9340300595251527,-0.08191787193252142
PV753268.1_Portugal_2023,PV753268.1,Portugal,2023,Cluster 3,1.148954120317511,0.195995210857648
OR479851.2_Portugal_2023,OR479851.2,Portugal,2023,Cluster 2,-1.990759513174492,0.282785103261735
PQ468884.1_Italy_2023,PQ468884.1,Italy,2023,Cluster 3,1.0228012036017973,0.15446625213366885
PQ468883.1_Italy_2023,PQ468883.1,Italy,2023,Cluster 3,1.0228012036017973,0.15446625213366885
PQ468881.1_Italy_2022,PQ468881.1,Italy,2022,Cluster 3,1.186806365037406,0.19076178836234478
PQ468880.1_Italy_2022,PQ468880.1,Italy,2022,Cluster 3,1.1551852818174797,0.05574243083543239
PQ468879.1_Italy_2020,PQ468879.1,Italy,2020,Cluster 2,-2.0137968502342094,0.17703130475032772
PQ468878.1_Italy_2023,PQ468878.1,Italy,2023,Cluster 3,1.171030898011738,0.14085673617134836
PQ468877.1_Italy_2023,PQ468877.1,Italy,2023,Cluster 3,1.1823946122523707,0.07066014340878342
PQ468876.1_Italy_2023,PQ468876.1,Italy,2023,Cluster 3,1.1511457461612762,-0.04350792062785214
PQ468875.1_Italy_2023,PQ468875.1,Italy,2023,Cluster 3,1.1580964502529665,0.06514724868999185
PQ468874.1_Italy_2023,PQ468874.1,Italy,2023,Cluster 2,-1.4897997264228084,0.0051521421784930955
PP998060.1_Vietnam_2023,PP998060.1,Vietnam,2023,Cluster 2,-1.9598021362795062,-0.39334606439784847
PP998059.1_Vietnam_2021,PP998059.1,Vietnam,2021,Cluster 6,1.0721501392398625,0.40300914019824036
PP998058.1_Vietnam_2021,PP998058.1,Vietnam,2021,Cluster 2,-1.7403695160946617,-0.20184712054997742
PP998057.1_Vietnam_2024,PP998057.1,Vietnam,2024,Cluster 2,-1.9971058182050294,0.25822878486075734
PP998056.1_Vietnam_2021,PP998056.1,Vietnam,2021,Cluster 6,1.5773268958440858,0.40304295008128926
OR960673.1_Russia_2022,OR960673.1,Russia,2022,Cluster 3,1.1896278085037086,0.11927416653046828
OR960672.1_Russia_2022,OR960672.1,Russia,2022,Cluster 6,1.6255336402978182,0.4832612998988502
OR960671.1_Russia_2021,OR960671.1,Russia,2021,Cluster 6,1.6170012563985081,0.36711276180359426
OR960670.1_Russia_2021,OR960670.1,Russia,2021,Cluster 3,1.1901810501466994,0.1253921988113558
OQ557976.1_Taiwan_2021,OQ557976.1,Taiwan,2021,Cluster 6,-0.0787247168807825,0.3556042082472339
OQ557975.1_Taiwan_2021,OQ557975.1,Taiwan,2021,Cluster 6,-0.22306268333530588,0.44126840207052365
OQ557974.1_Taiwan_2021,OQ557974.1,Taiwan,2021,Cluster 6,-0.06733867436002135,0.43186060460551934
OQ557973.1_Taiwan_2021,OQ557973.1,Taiwan,2021,Cluster 6,-0.05531963576131401,0.4263643268963655
OQ557972.1_Taiwan_2021,OQ557972.1,Taiwan,2021,Cluster 6,0.029419440934658498,0.3976117575641946
OQ557971.1_Taiwan_2021,OQ557971.1,Taiwan,2021,Cluster 6,-0.2745770134843296,0.17170949721804685
OQ557970.1_Taiwan_2021,OQ557970.1,Taiwan,2021,Cluster 6,-0.27639866370823535,0.18809172864271662
OQ557969.1_Taiwan_2020,OQ557969.1,Taiwan,2020,Cluster 6,-0.005776382424983878,0.25921190956264606
OQ557968.1_Taiwan_2021,OQ557968.1,Taiwan,2021,Cluster 6,0.20131422542778346,0.3877778675733893
OQ557967.1_Taiwan_2021,OQ557967.1,Taiwan,2021,Cluster 6,-0.1820138526782907,0.24075276692945283
OQ557966.1_Taiwan_2020,OQ557966.1,Taiwan,2020,Cluster 6,-0.11940208307058531,0.17945136823529317
OQ557965.1_Taiwan_2021,OQ557965.1,Taiwan,2021,Cluster 6,-0.09749929057491968,0.4130117374377016
OQ557964.1_Taiwan_2021,OQ557964.1,Taiwan,2021,Cluster 6,-0.09749929057491968,0.4130117374377016
OQ557963.1_Taiwan_2021,OQ557963.1,Taiwan,2021,Cluster 6,-0.06722934030788386,0.3051467336391197
OQ557962.1_Taiwan_2021,OQ557962.1,Taiwan,2021,Cluster 6,-0.04112537761889495,0.30197011046624056
OQ557961.1_Taiwan_2021,OQ557961.1,Taiwan,2021,Cluster 6,-0.5214364965400288,0.45664631429423413
OQ557960.1_Taiwan_2021,OQ557960.1,Taiwan,2021,Cluster 6,-0.5214364965400288,0.45664631429423413
ON376262.1_Poland_2017,ON376262.1,Poland,2017,Cluster 3,0.8962102339336833,0.15249538577819588
ON376261.1_Poland_2016,ON376261.1,Poland,2016,Cluster 3,1.13316261068709,0.29999407754191054
ON376260.1_Poland_2015,ON376260.1,Poland,2015,Cluster 3,1.5566965415864702,0.1406752843073712
ON376259.1_Poland_2016,ON376259.1,Poland,2016,Cluster 3,1.490603068163952,0.2010215601923654
ON376258.1_Poland_2018,ON376258.1,Poland,2018,Cluster 3,1.2152045371814508,0.058457840802349
ON376257.1_Poland_2015,ON376257.1,Poland,2015,Cluster 6,1.4722494444752297,0.4881436681653215
ON376256.1_Poland_2017,ON376256.1,Poland,2017,Cluster 3,0.9875313777283016,-0.023809802139527166
ON376255.1_Poland_2018,ON376255.1,Poland,2018,Cluster 2,-1.7896274945738793,0.4086094212186178
ON376254.1_Poland_2017,ON376254.1,Poland,2017,Cluster 2,-1.8200753014039368,0.39586986014235587
ON376253.1_Poland_2016,ON376253.1,Poland,2016,Cluster 2,-1.734504618948816,0.3879953747323088
ON376252.1_Poland_2016,ON376252.1,Poland,2016,Cluster 3,1.3726877190185907,0.33679134875635863
ON376251.1_Poland_2017,ON376251.1,Poland,2017,Cluster 2,-1.2415437592791045,0.14680024604491076
ON376250.1_Poland_2017,ON376250.1,Poland,2017,Cluster 2,-1.2314333859606772,0.06890252784773644
ON376249.1_Poland_2017,ON376249.1,Poland,2017,Cluster 3,1.3782141023430523,-0.07507692527822361
ON376248.1_Poland_2017,ON376248.1,Poland,2017,Cluster 3,1.2616037841850647,0.36211596381046895
ON376247.1_Poland_2016,ON376247.1,Poland,2016,Cluster 6,1.3744254792207784,-0.030950053178708598
ON376246.1_Poland_2016,ON376246.1,Poland,2016,Cluster 6,1.3055178801035257,0.4291697702283073
OR059205.1_Vietnam_2022,OR059205.1,Vietnam,2022,Cluster 2,-2.0958347472889365,-0.6673603865027782
OQ533864.1_Poland_2021,OQ533864.1,Poland,2021,Cluster 3,1.4384024330402743,0.07008731580044114
OQ533865.1_Poland_2021,OQ533865.1,Poland,2021,Cluster 3,1.0209863588101653,-0.14399310648429467
OQ533866.1_Poland_2021,OQ533866.1,Poland,2021,Cluster 3,1.0987510901392634,0.06975339814858354
OQ533867.1_Poland_2021,OQ533867.1,Poland,2021,Cluster 3,0.8473663064577733,0.18014781003601665
OQ533868.1_Poland_2021,OQ533868.1,Poland,2021,Cluster 3,1.3147183933558788,0.36542611782391005
OQ533869.1_Poland_2021,OQ533869.1,Poland,2021,Cluster 3,1.3562503452752313,0.2242923094362227
OQ533870.1_Poland_2021,OQ533870.1,Poland,2021,Cluster 3,1.3336981269951007,0.3432039995913628
OQ533871.1_Poland_2021,OQ533871.1,Poland,2021,Cluster 3,1.390856397969341,0.1632758387906717
OQ533873.1_Poland_2021,OQ533873.1,Poland,2021,Cluster 3,1.2332969909303997,0.2951284404396937
OQ533872.1_Poland_2021,OQ533872.1,Poland,2021,Cluster 3,1.6907799899698366,-0.0866174413863295
MG372488.1_China_2006,MG372488.1,China,2006,Cluster 7,2.2743607904644447,-6.529746292959038
MK814116.1_China_2006,MK814116.1,China,2006,Cluster 6,-0.911253370238358,0.18533486711692612
MG250178.1_China_2009,MG250178.1,China,2009,Cluster 1,1.4391168113413304,-0.42190962493802897
MG250177.1_China_2009,MG250177.1,China,2009,Cluster 2,-1.8966560105099013,0.03721036222780144
MW582507.1_China_2011,MW582507.1,China,2011,Cluster 2,-1.7938067399326534,-0.038841728199049956
MK814114.1_China_2013,MK814114.1,China,2013,Cluster 6,-0.9466530050949442,-0.48765302508761116
MG372489.1_China_2013,MG372489.1,China,2013,Cluster 3,1.235329475843778,-0.005672751867244741
MF589104.1_China_2015,MF589104.1,China,2015,Cluster 2,-1.7920830742246185,0.3115036202170744
MH410562.1_China_2015,MH410562.1,China,2015,Cluster 6,-0.16388398737333396,0.44833203350126616
MK347417.1_China_2015,MK347417.1,China,2015,Cluster 6,0.3744555091804187,0.5616852287936138
MF318452.1_China_2015,MF318452.1,China,2015,Cluster 3,1.4677001297152994,0.1595243876141386
MF318450.1_China_2015,MF318450.1,China,2015,Cluster 3,1.3894757512608897,0.0418722921670066
MN790776.1_China_2016,MN790776.1,China,2016,Cluster 6,0.7342352839594974,0.19048460798396427
MN790774.1_China_2016,MN790774.1,China,2016,Cluster 6,0.7678900830097485,0.18933486549750628
KY418606.2_China_2016,KY418606.2,China,2016,Cluster 2,-1.9281151534601162,0.2971171748749566
MF069116.1_China_2016,MF069116.1,China,2016,Cluster 2,-1.9195893898155796,0.33200370634705245
MF589105.1_China_2016,MF589105.1,China,2016,Cluster 2,-1.8595088278754923,-0.03650162873759591
KY354038.1_China_2016,KY354038.1,China,2016,Cluster 6,0.9261872146759954,0.3842849760745445
MH107163.1_China_2016,MH107163.1,China,2016,Cluster 2,-2.011916337700717,0.4589888556076542
MH107161.1_China_2016,MH107161.1,China,2016,Cluster 2,-2.012083346392217,0.4025776660719031
MG372491.1_China_2016,MG372491.1,China,2016,Cluster 1,1.4140109767055955,-0.14349451247360512
MG372484.1_China_2016,MG372484.1,China,2016,Cluster 1,1.5512043544773773,-0.22731530648547402
KY075994.1_China_2016,KY075994.1,China,2016,Cluster 6,1.675842712764077,0.2944607738888728
KY075992.1_China_2016,KY075992.1,China,2016,Cluster 6,1.651071181202379,0.3357743161055434
KY075986.1_China_2016,KY075986.1,China,2016,Cluster 1,1.5351715966842052,-0.06678717155950183
MK142771.1_China_2016,MK142771.1,China,2016,Cluster 6,0.7784138624806703,0.26441286458862834
MH410563.1_China_2016,MH410563.1,China,2016,Cluster 6,0.9324980741396036,0.3173079936553291
KY753912.1_China_2016,KY753912.1,China,2016,Cluster 6,0.7756079839066492,0.26618963941960105
MZ667331.1_China_2016,MZ667331.1,China,2016,Cluster 6,0.9231210531593361,0.4235172621014125
MN788151.1_China_2016,MN788151.1,China,2016,Cluster 3,1.4735878479665434,0.29665330857471167
MN788131.1_China_2016,MN788131.1,China,2016,Cluster 6,1.3322488058826252,0.3614122226441359
MG860486.1_China_2016,MG860486.1,China,2016,Cluster 2,-2.037953604011305,0.16366551606633478
MG564175.1_China_2016,MG564175.1,China,2016,Cluster 2,-1.692111116895039,0.43122393316423135
MW582515.1_China_2016,MW582515.1,China,2016,Cluster 2,-2.037953604011305,0.16366551606633478
MF318453.1_China_2016,MF318453.1,China,2016,Cluster 3,1.4112190873102075,0.1614788661675893
MH367845.1_China_2017,MH367845.1,China,2017,Cluster 2,-1.9195893898155796,0.33200370634705245
MH367849.1_China_2017,MH367849.1,China,2017,Cluster 2,-1.9229734253997082,0.3267246699539774
KY865243.1_China_2017,KY865243.1,China,2017,Cluster 2,-1.5423424358757787,-0.05181065876890935
MF084994.1_China_2017,MF084994.1,China,2017,Cluster 1,1.6590370108077674,-0.6897664311097897
MG902939.1_China_2017,MG902939.1,China,2017,Cluster 2,-1.8289079637907557,0.5867481212348963
MG902942.1_China_2017,MG902942.1,China,2017,Cluster 2,-1.8440833260788936,0.4741615244096965
MT473944.1_China_2017,MT473944.1,China,2017,Cluster 6,0.7033760146703927,0.2593913171638536
MZ934695.1_China_2017,MZ934695.1,China,2017,Cluster 6,0.5215670302720457,-1.9536947089947925
KY354039.1_China_2017,KY354039.1,China,2017,Cluster 6,0.9261872146759954,0.3842849760745445
KY075992.1_China_2017,KY075992.1,China,2017,Cluster 6,1.651071181202379,0.3357743161055434
MG250180.1_China_2017,MG250180.1,China,2017,Cluster 2,-1.8024873848993639,0.19340884868116867
MG868942.1_China_2017,MG868942.1,China,2017,Cluster 6,1.4851318149081758,0.2609907772032704
MF069116.1_China_2017,MF069116.1,China,2017,Cluster 2,-1.9195893898155796,0.33200370634705245
MF405274.1_China_2017,MF405274.1,China,2017,Cluster 2,-1.7387645122583475,0.4777329942519877
MK580467.1_China_2017,MK580467.1,China,2017,Cluster 2,-1.9147484896190026,0.448711877898117
MG897487.1_China_2017,MG897487.1,China,2017,Cluster 2,-1.7472902759028848,0.4428464627798919
MF405272.1_China_2017,MF405272.1,China,2017,Cluster 2,-1.741101355455608,0.46747663680249674
MH491026.1_China_2017,MH491026.1,China,2017,Cluster 2,-1.8697969318460341,0.2488748726642017
MG253679.1_China_2017,MG253679.1,China,2017,Cluster 2,-1.6935885081611153,0.2903203384094428
MK178286.1_China_2017,MK178286.1,China,2017,Cluster 1,1.5678253158522744,0.005370115018655949
MF677838.1_China_2017,MF677838.1,China,2017,Cluster 6,-0.6266686343622314,-0.10942208968460529
KY418606.2_China_2017,KY418606.2,China,2017,Cluster 2,-1.9281151534601162,0.2971171748749566
MN067896.1_China_2017,MN067896.1,China,2017,Cluster 6,0.9836610777401534,0.47425169748459683
MH177453.1_China_2017,MH177453.1,China,2017,Cluster 6,0.9284166126454939,0.38808690163551984
MN788145.1_China_2017,MN788145.1,China,2017,Cluster 2,-0.47709886859926554,0.47625653444576205
MN788126.1_China_2017,MN788126.1,China,2017,Cluster 1,0.8902839241706694,-0.465763918110996
MH184538.1_China_2017,MH184538.1,China,2017,Cluster 6,0.19364280073381085,0.5283508887797567
MH184539.1_China_2017,MH184539.1,China,2017,Cluster 6,1.4878492440794293,0.263814850710669
MH184533.1_China_2017,MH184533.1,China,2017,Cluster 2,-2.066606077689648,0.17185497772307706
MH184536.1_China_2017,MH184536.1,China,2017,Cluster 6,0.19828781650737357,0.48624880385511693
MH916636.1_China_2017,MH916636.1,China,2017,Cluster 2,-1.7746374325753775,0.45324693561947815
MG696866.1_China_2017,MG696866.1,China,2017,Cluster 6,0.3445584830367793,0.5767903130792486
KY421348.1_China_2017,KY421348.1,China,2017,Cluster 2,-2.0628584725696317,0.2018570798960894
MF589106.1_China_2017,MF589106.1,China,2017,Cluster 2,-1.876710027589972,0.31816112588733847
MF589102.1_China_2017,MF589102.1,China,2017,Cluster 6,1.0715114698422719,-0.230267664772878
MG868943.1_China_2017,MG868943.1,China,2017,Cluster 6,1.2387734119366334,0.493086479488226
MG250185.1_China_2017,MG250185.1,China,2017,Cluster 6,0.11808461846338153,0.409367983001669
MG250181.1_China_2017,MG250181.1,China,2017,Cluster 6,1.478006904304319,-0.07910012861047303
KY075988.1_China_2017,KY075988.1,China,2017,Cluster 1,1.5347129150281704,-0.221934193457612
ON989005.1_China_2017,ON989005.1,China,2017,Cluster 1,1.55531737744757,-0.12114301281524341
MT582238.1_China_2018,MT582238.1,China,2018,Cluster 6,1.0151504794588324,0.2823223960937217
MH491030.1_China_2018,MH491030.1,China,2018,Cluster 2,-1.8971481227345766,0.15987488099245747
MH823220.1_China_2018,MH823220.1,China,2018,Cluster 2,-1.7216761467862536,0.18556709930118037
MH491021.1_China_2018,MH491021.1,China,2018,Cluster 2,-1.9195893898155796,0.33200370634705245
MK178321.1_China_2018,MK178321.1,China,2018,Cluster 2,-1.8128899774387905,0.4228951567851893
MK178314.1_China_2018,MK178314.1,China,2018,Cluster 3,1.470875956867903,0.26180049051043774
MK178307.1_China_2018,MK178307.1,China,2018,Cluster 3,1.5677835424918003,0.3639566296461235
MK178280.1_China_2018,MK178280.1,China,2018,Cluster 1,1.560652571438001,-0.39899868589575593
MW757323.1_China_2018,MW757323.1,China,2018,Cluster 2,-0.6514601048094825,0.08638459725759673
MG250184.1_China_2018,MG250184.1,China,2018,Cluster 2,-1.9749726466845374,-0.1582524423734522
MK746103.1_China_2018,MK746103.1,China,2018,Cluster 1,0.7812515660390195,0.13983996834819212
MT582235.1_China_2018,MT582235.1,China,2018,Cluster 2,-0.7499269691502075,0.4530605681080842
MH491017.1_China_2018,MH491017.1,China,2018,Cluster 2,-1.9260906701332832,0.2221781043846595
MK178317.1_China_2018,MK178317.1,China,2018,Cluster 3,0.246598039409653,0.33464135304756254
OR503035.1_China_2018,OR503035.1,China,2018,Cluster 6,1.0763946556406743,0.2575344859978643
MW757320.1_China_2018,MW757320.1,China,2018,Cluster 2,-1.7319187726462086,0.12550116872864578
MG250184.1_China_1996,MG250184.1,China,1996,Cluster 2,-1.9749726466845374,-0.1582524423734522
MH121060.1_China_2018,MH121060.1,China,2018,Cluster 3,1.2638123791125846,0.2171942895148415
MG650176.1_China_1996,MG650176.1,China,1996,Cluster 6,1.2513102120193165,-0.11314029491749648
MG650175.1_China_1996,MG650175.1,China,1996,Cluster 6,0.7568648765336281,-0.018296775558463547
MG650174.1_China_1998,MG650174.1,China,1998,Cluster 6,0.7155147365832343,-0.10679864770774462
MG650173.1_China_1998,MG650173.1,China,1998,Cluster 6,0.7080495427030472,-0.29788611741264936
MG650172.1_China_1998,MG650172.1,China,1998,Cluster 1,1.3114362947231666,-0.6157213296287736
MT582240.1_China_2019,MT582240.1,China,2019,Cluster 6,-0.0847922208614399,-0.03288227147187468
MN848606.1_China_2019,MN848606.1,China,2019,Cluster 6,-1.0241007935306732,0.3217694495087289
MN848595.1_China_2019,MN848595.1,China,2019,Cluster 1,1.4243360581373952,-0.06361259856611264
MN848591.1_China_2019,MN848591.1,China,2019,Cluster 1,0.14732651690629714,0.05818693550260166
PP196470.1_China_2019,PP196470.1,China,2019,Cluster 2,-1.9084997118779907,0.36562732687703187
MN788132.1_China_2019,MN788132.1,China,2019,Cluster 2,-0.7490297539409713,0.42101236366709693
